user_id,newcomer_density_score,distance_to_station_km,age_band_score,station_cluster
1,0.283,6.1,1,suburban
2,0.3358,1.36,5,suburban
3,0.448,2.87,2,suburban
4,0.3468,0.64,2,urban
5,0.4807,5.72,1,urban
6,0.5664,1.56,2,urban
7,0.352,6.75,3,urban
8,0.1795,6.91,4,urban
9,0.3981,3.09,5,regional
10,0.604,2.97,4,urban
11,0.1955,0.94,2,urban
12,0.3741,3.57,5,suburban
13,0.5757,6.06,1,suburban
14,0.2631,4.31,2,urban
15,0.3758,8.6,2,urban
16,0.266,2.61,3,regional
17,0.1841,2.61,2,urban
18,0.1879,1.65,5,suburban
19,0.3898,12.43,2,suburban
20,0.3615,0.93,2,urban
21,0.4053,5.77,4,suburban
22,0.1951,6.15,3,urban
23,0.4792,5.97,3,urban
24,0.1519,1.78,5,urban
25,0.4281,3.09,3,regional
26,0.3668,5.21,1,urban
27,0.1148,2.13,4,urban
28,0.4646,2.77,4,regional
29,0.299,2.16,2,urban
30,0.6982,3.75,5,regional
31,0.2631,3.57,2,suburban
32,0.6288,9.63,1,suburban
33,0.1945,5.29,1,suburban
34,0.0846,1.15,4,suburban
35,0.5622,1.24,2,urban
36,0.0613,5.84,3,regional
37,0.14,3.54,4,regional
38,0.53,11.96,5,regional
39,0.2895,11.93,3,suburban
40,0.3428,1.64,5,suburban
41,0.5292,4.36,2,suburban
42,0.4853,1.26,5,urban
43,0.2504,5.77,2,suburban
44,0.0619,10.54,1,suburban
45,0.183,3.93,4,suburban
46,0.2074,2.54,4,urban
47,0.5415,4.68,5,suburban
48,0.6279,6.6,5,suburban
49,0.1075,6.63,1,urban
50,0.2761,2.56,4,regional
51,0.6468,2.09,4,suburban
52,0.2636,4.19,4,urban
53,0.4582,2.7,1,urban
54,0.4364,7.97,1,suburban
55,0.4216,2.68,4,urban
56,0.2577,3.72,5,suburban
57,0.1407,4.6,1,urban
58,0.3423,0.96,1,urban
59,0.4635,2.23,3,urban
60,0.0691,11.61,2,suburban
61,0.7433,6.41,5,regional
62,0.028,2.65,5,regional
63,0.0467,5.79,3,suburban
64,0.1327,7.88,5,suburban
65,0.2308,2.98,2,urban
66,0.3171,6.21,5,suburban
67,0.2993,5.62,3,regional
68,0.3322,1.28,3,urban
69,0.2049,2.99,1,regional
70,0.6597,9.8,1,urban
71,0.239,11.4,1,urban
72,0.2918,6.45,3,suburban
73,0.126,2.17,1,regional
74,0.2913,0.34,1,urban
75,0.5754,1.94,4,suburban
76,0.6289,1.12,5,urban
77,0.4744,10.27,1,suburban
78,0.3416,0.62,3,suburban
79,0.2835,1.31,5,urban
80,0.4807,4.13,3,suburban
81,0.229,3.52,1,suburban
82,0.4322,9.48,1,suburban
83,0.3507,5.38,5,urban
84,0.3642,3.16,3,urban
85,0.5625,8.06,1,regional
86,0.1112,2.59,5,suburban
87,0.3763,9.99,5,suburban
88,0.7008,1.72,4,suburban
89,0.2595,3.43,1,suburban
90,0.356,0.41,1,urban
91,0.3205,6.68,2,suburban
92,0.25,3.96,1,suburban
93,0.0806,10.01,3,urban
94,0.1283,2.91,2,urban
95,0.4222,0.95,4,suburban
96,0.871,4.91,1,regional
97,0.1441,2.29,4,suburban
98,0.1805,6.04,5,urban
99,0.3927,1.75,1,regional
100,0.372,8.85,4,urban
101,0.4444,3.72,3,urban
102,0.3949,3.17,1,regional
103,0.1968,8.46,2,suburban
104,0.39,6.75,4,regional
105,0.4111,1.97,5,suburban
106,0.6288,6.61,2,suburban
107,0.2864,5.71,1,urban
108,0.3134,3.31,2,urban
109,0.6463,6.25,5,regional
110,0.16,8.83,3,regional
111,0.5371,3.39,3,urban
112,0.2239,3.4,1,urban
113,0.4168,3.26,4,urban
114,0.3566,1.9,3,urban
115,0.1457,3.36,3,regional
116,0.2226,3.08,5,urban
117,0.3317,2.95,3,urban
118,0.1513,2.91,5,regional
119,0.1747,1.31,3,suburban
120,0.4066,7.21,2,suburban
121,0.2988,2.23,5,urban
122,0.2895,9.16,4,urban
123,0.3343,1.58,4,urban
124,0.2726,10.55,2,urban
125,0.2958,2.69,4,urban
126,0.2988,6.67,3,urban
127,0.1927,3.93,1,urban
128,0.6267,1.15,2,urban
129,0.7262,1.2,5,regional
130,0.0841,2.08,3,urban
131,0.3633,2.57,4,urban
132,0.5968,3.47,1,regional
133,0.3646,4.57,2,urban
134,0.5091,3.13,5,suburban
135,0.3018,4.39,3,suburban
136,0.1144,4.92,5,suburban
137,0.067,3.03,5,urban
138,0.3853,5.65,2,suburban
139,0.2723,6.54,5,suburban
140,0.3419,5.01,4,urban
141,0.393,5.21,1,urban
142,0.1584,4.12,1,urban
143,0.2952,7.64,1,suburban
144,0.4808,3.53,4,urban
145,0.6178,2.11,1,urban
146,0.3341,3.61,2,suburban
147,0.5586,1.16,3,regional
148,0.2015,1.03,1,urban
149,0.1197,6.56,2,urban
150,0.06,9.26,4,urban
151,0.4063,2.76,5,suburban
152,0.2067,6.6,3,suburban
153,0.2661,0.54,4,regional
154,0.1543,5.02,3,urban
155,0.1293,3.54,3,urban
156,0.1533,10.26,3,urban
157,0.5145,3.18,5,urban
158,0.2162,1.48,1,suburban
159,0.445,0.9,3,suburban
160,0.0781,3.61,1,urban
161,0.2782,4.11,5,suburban
162,0.2266,3.03,4,urban
163,0.0404,6.7,1,suburban
164,0.2031,8.6,4,urban
165,0.1124,2.73,3,suburban
166,0.4054,0.66,1,urban
167,0.5317,4.41,5,regional
168,0.7456,7.74,2,regional
169,0.1763,2.74,1,suburban
170,0.107,5.21,4,regional
171,0.5407,1.38,2,urban
172,0.2239,4.34,4,suburban
173,0.2888,5.28,1,urban
174,0.5715,4.42,5,regional
175,0.5047,12.05,3,urban
176,0.2661,9.18,3,urban
177,0.5108,5.88,5,suburban
178,0.1064,7.26,3,urban
179,0.098,4.31,1,suburban
180,0.1863,3.42,3,urban
181,0.4494,2.52,4,suburban
182,0.4992,1.35,2,regional
183,0.2645,9.46,1,suburban
184,0.0507,12.35,1,urban
185,0.5216,3.67,5,urban
186,0.3243,3.72,1,urban
187,0.2766,5.43,3,urban
188,0.0524,3.19,5,suburban
189,0.1471,1.52,2,urban
190,0.6355,1.13,2,urban
191,0.4511,12.07,4,urban
192,0.7053,0.76,4,regional
193,0.2849,4.54,1,urban
194,0.3925,0.87,3,urban
195,0.5079,3.31,1,suburban
196,0.547,2.72,2,urban
197,0.4636,1.02,2,regional
198,0.3285,5.57,5,urban
199,0.5865,1.42,5,suburban
200,0.468,0.89,4,suburban
201,0.1563,5.99,4,suburban
202,0.0421,2.73,1,suburban
203,0.5972,1.92,1,suburban
204,0.2424,6.25,4,urban
205,0.3271,1.36,3,suburban
206,0.2538,0.68,3,suburban
207,0.2494,8.22,4,suburban
208,0.4203,10.99,2,suburban
209,0.3355,3.24,4,urban
210,0.2075,3.21,4,urban
211,0.5397,6.5,2,urban
212,0.2207,7.68,4,urban
213,0.3816,1.5,1,urban
214,0.5657,2.84,2,urban
215,0.8027,4.29,4,suburban
216,0.179,6.24,5,suburban
217,0.3206,5.79,1,suburban
218,0.1631,5.16,4,suburban
219,0.3585,7.67,3,urban
220,0.1944,3.42,4,urban
221,0.7159,9.52,4,suburban
222,0.3222,2.29,1,suburban
223,0.5066,5.86,4,suburban
224,0.0853,2.57,2,suburban
225,0.2152,3.28,1,suburban
226,0.3397,3.68,3,suburban
227,0.3462,2.45,1,suburban
228,0.3633,7.89,4,suburban
229,0.268,2.67,3,urban
230,0.1528,3.54,3,urban
231,0.315,5.39,1,urban
232,0.5713,15.52,4,suburban
233,0.3522,5.53,1,suburban
234,0.3102,3.77,2,urban
235,0.2079,0.56,2,urban
236,0.5282,3.21,4,suburban
237,0.4391,2.12,3,urban
238,0.3594,2.81,5,suburban
239,0.3246,2.53,5,urban
240,0.0576,5.35,4,urban
241,0.2434,3.16,1,urban
242,0.1774,1.72,4,urban
243,0.1587,6.68,2,urban
244,0.1914,1.23,5,urban
245,0.2441,3.65,5,urban
246,0.0987,3.23,1,urban
247,0.0841,4.64,1,suburban
248,0.3089,7.72,4,urban
249,0.1216,17.05,1,urban
250,0.2698,3.77,5,urban
251,0.2226,2.09,3,regional
252,0.3413,1.93,3,suburban
253,0.2442,1.92,5,regional
254,0.3361,4.52,2,regional
255,0.1589,0.42,3,urban
256,0.1469,1.16,5,suburban
257,0.2255,4.52,1,urban
258,0.7201,6.91,1,regional
259,0.2049,6.94,1,urban
260,0.2861,3.9,2,urban
261,0.3771,6.32,1,regional
262,0.1211,7.81,1,suburban
263,0.2403,2.64,5,regional
264,0.2874,7.28,3,urban
265,0.5294,0.82,2,urban
266,0.3239,1.13,3,urban
267,0.3404,2.76,5,urban
268,0.3285,0.71,3,suburban
269,0.5665,5.41,3,urban
270,0.3888,2.33,5,suburban
271,0.602,3.26,1,urban
272,0.3051,3.35,3,suburban
273,0.5331,2.71,4,regional
274,0.5019,1.91,3,suburban
275,0.5338,5.23,5,urban
276,0.2519,2.29,5,urban
277,0.4357,3.31,2,urban
278,0.3195,4.67,5,suburban
279,0.1316,7.77,2,suburban
280,0.2935,7.36,2,urban
281,0.3698,2.46,5,regional
282,0.1579,1.82,1,suburban
283,0.3031,8.84,2,suburban
284,0.6218,2.28,4,urban
285,0.1616,5.09,3,regional
286,0.5134,0.67,5,urban
287,0.6827,0.41,2,urban
288,0.1705,3.77,3,regional
289,0.1684,2.98,1,regional
290,0.5464,6.02,2,suburban
291,0.1996,1.93,1,urban
292,0.1235,4.42,4,urban
293,0.1443,5.8,2,suburban
294,0.635,1.99,4,suburban
295,0.0952,2.76,2,urban
296,0.0784,1.35,3,urban
297,0.2896,6.17,5,suburban
298,0.6195,5.28,5,suburban
299,0.3909,5.56,1,urban
300,0.3863,2.97,4,suburban
301,0.7247,5.22,5,regional
302,0.1853,3.18,4,urban
303,0.3789,9.84,1,suburban
304,0.1528,3.55,4,suburban
305,0.311,7.07,4,suburban
306,0.3505,2.98,4,regional
307,0.3743,8.5,3,suburban
308,0.378,1.82,3,suburban
309,0.1745,4.83,4,urban
310,0.1347,2.14,3,suburban
311,0.1469,4.29,4,urban
312,0.6893,2.29,4,urban
313,0.2199,3.54,2,suburban
314,0.1513,2.57,4,suburban
315,0.5123,5.66,4,regional
316,0.2143,4.97,3,suburban
317,0.2248,2.07,4,suburban
318,0.2506,2.02,1,urban
319,0.3521,1.69,2,suburban
320,0.4941,1.41,4,regional
321,0.1801,5.93,5,urban
322,0.6134,1.61,4,suburban
323,0.412,4.55,4,suburban
324,0.2299,2.4,2,urban
325,0.5597,6.94,4,suburban
326,0.5426,11.43,2,urban
327,0.4265,0.1,1,urban
328,0.8086,1.8,2,urban
329,0.5567,2.37,4,urban
330,0.3951,3.05,5,urban
331,0.5462,2.91,3,regional
332,0.5802,1.12,5,urban
333,0.057,11.58,4,suburban
334,0.0608,2.99,3,suburban
335,0.1299,4.96,5,urban
336,0.5157,5.07,3,urban
337,0.2361,0.88,3,regional
338,0.0961,2.69,4,suburban
339,0.2043,5.93,4,regional
340,0.3634,8.87,3,urban
341,0.4575,2.73,3,suburban
342,0.1922,1.06,5,suburban
343,0.407,2.21,1,regional
344,0.4093,2.64,1,urban
345,0.685,2.56,3,regional
346,0.3521,1.69,1,urban
347,0.9049,0.95,2,suburban
348,0.2754,1.34,3,suburban
349,0.2218,2.22,3,suburban
350,0.4872,5.86,2,urban
351,0.6192,7.45,2,suburban
352,0.1222,3.83,4,urban
353,0.1768,1.37,5,suburban
354,0.3593,2.33,4,suburban
355,0.4951,0.43,3,suburban
356,0.1178,8.98,1,suburban
357,0.3418,2.04,2,suburban
358,0.6584,4.67,3,suburban
359,0.3742,7.1,2,suburban
360,0.353,10.65,4,suburban
361,0.7882,6.31,2,suburban
362,0.448,2.55,5,suburban
363,0.5029,5.12,2,suburban
364,0.6294,10.39,3,urban
365,0.4493,2.02,4,suburban
366,0.2839,0.9,2,urban
367,0.4702,1.7,4,urban
368,0.3839,4.88,3,suburban
369,0.2723,2.6,4,urban
370,0.8141,3.29,3,suburban
371,0.4901,5.47,5,regional
372,0.5064,1.67,4,urban
373,0.4781,3.17,1,urban
374,0.1003,2.29,3,urban
375,0.4535,10.12,5,urban
376,0.2451,6.18,2,suburban
377,0.1773,2.62,3,suburban
378,0.3116,2.5,4,suburban
379,0.291,10.88,2,urban
380,0.709,10.3,3,suburban
381,0.2232,4.86,3,urban
382,0.1893,3.41,1,suburban
383,0.2262,1.14,1,suburban
384,0.5304,1.71,3,urban
385,0.0875,1.05,1,suburban
386,0.464,7.29,5,suburban
387,0.3715,1.15,3,urban
388,0.4769,2.47,4,suburban
389,0.3234,0.54,2,suburban
390,0.4585,0.81,2,urban
391,0.4965,5.65,3,urban
392,0.1964,4.34,4,suburban
393,0.0951,3.5,2,regional
394,0.4865,2.51,2,suburban
395,0.4361,0.7,1,suburban
396,0.3734,2.25,3,suburban
397,0.0536,3.03,4,urban
398,0.4209,5.38,3,urban
399,0.1622,7.02,2,urban
400,0.5019,5.77,2,regional
401,0.6972,4.32,2,suburban
402,0.5033,3.46,2,regional
403,0.2755,4.01,2,urban
404,0.2701,2.12,5,suburban
405,0.0993,3.69,2,suburban
406,0.2123,3.01,2,urban
407,0.3203,13.8,4,urban
408,0.6027,4.09,5,suburban
409,0.2107,0.39,3,suburban
410,0.4982,2.41,4,suburban
411,0.4573,2.76,1,urban
412,0.1011,6.32,3,suburban
413,0.3423,4.48,1,urban
414,0.4321,4.31,1,urban
415,0.2951,8.33,3,suburban
416,0.6695,10.33,2,urban
417,0.4754,5.64,1,regional
418,0.3704,2.56,1,suburban
419,0.3625,2.62,4,urban
420,0.5742,7.63,3,urban
421,0.123,2.61,2,suburban
422,0.2622,3.29,5,urban
423,0.3528,2.36,2,urban
424,0.3498,1.35,5,urban
425,0.1788,13.1,2,urban
426,0.4097,3.31,1,suburban
427,0.0121,9.13,1,suburban
428,0.3759,2.64,2,urban
429,0.0327,2.04,1,suburban
430,0.4007,5.31,1,urban
431,0.2272,7.0,2,suburban
432,0.5916,7.31,5,urban
433,0.2229,2.99,2,suburban
434,0.5137,5.71,2,urban
435,0.4871,2.23,5,suburban
436,0.1994,3.66,2,urban
437,0.1687,2.77,5,regional
438,0.2713,2.45,4,urban
439,0.269,3.77,5,regional
440,0.2083,1.32,3,regional
441,0.426,6.62,3,urban
442,0.1586,2.46,2,urban
443,0.199,6.4,3,urban
444,0.2541,1.58,4,regional
445,0.5388,2.45,5,suburban
446,0.2125,1.31,1,suburban
447,0.462,1.27,1,urban
448,0.7315,1.78,1,suburban
449,0.4786,1.61,4,urban
450,0.2982,1.32,1,urban
451,0.3397,3.47,5,urban
452,0.4398,5.24,2,suburban
453,0.6163,5.43,2,regional
454,0.3676,0.65,5,suburban
455,0.4996,2.76,4,urban
456,0.3626,2.55,3,urban
457,0.2636,8.43,5,suburban
458,0.2691,2.84,4,suburban
459,0.3708,3.26,4,urban
460,0.3813,0.92,2,urban
461,0.5315,1.74,5,suburban
462,0.0848,0.87,4,regional
463,0.3932,3.64,5,suburban
464,0.5192,8.61,5,urban
465,0.6821,1.79,3,suburban
466,0.094,2.86,2,urban
467,0.2682,1.62,5,regional
468,0.4249,2.08,5,urban
469,0.3219,3.7,1,urban
470,0.7957,11.36,4,suburban
471,0.5243,8.33,4,urban
472,0.3338,9.98,4,urban
473,0.5112,6.44,5,suburban
474,0.0517,2.83,2,suburban
475,0.5413,2.53,5,suburban
476,0.5032,1.8,4,urban
477,0.1264,2.8,1,urban
478,0.3265,8.69,3,suburban
479,0.69,8.63,1,urban
480,0.3495,14.15,5,urban
481,0.2129,3.9,4,regional
482,0.4874,1.13,5,regional
483,0.3401,5.0,4,urban
484,0.1966,11.44,2,suburban
485,0.6717,9.46,3,suburban
486,0.1042,2.31,5,urban
487,0.5831,1.24,1,suburban
488,0.32,1.21,5,urban
489,0.1706,1.9,3,urban
490,0.2306,2.15,3,regional
491,0.4042,2.67,4,suburban
492,0.4843,5.47,1,urban
493,0.481,2.6,1,suburban
494,0.2953,3.53,1,regional
495,0.2455,0.81,4,urban
496,0.3562,1.8,1,regional
497,0.0864,1.73,4,regional
498,0.4209,0.67,1,urban
499,0.1373,2.54,4,suburban
500,0.185,0.81,5,suburban
501,0.6502,2.4,3,suburban
502,0.2409,3.74,2,urban
503,0.2935,8.79,3,urban
504,0.1696,1.65,4,urban
505,0.1921,3.66,4,suburban
506,0.3982,2.01,4,suburban
507,0.2861,0.77,3,suburban
508,0.1862,8.86,4,suburban
509,0.4374,3.87,2,urban
510,0.5278,4.82,2,urban
511,0.127,9.83,5,suburban
512,0.2504,2.39,3,suburban
513,0.6988,1.08,5,suburban
514,0.2964,1.63,4,urban
515,0.0886,0.99,3,urban
516,0.1819,7.27,3,regional
517,0.4455,11.73,4,urban
518,0.0492,3.71,1,urban
519,0.6448,5.58,3,suburban
520,0.5459,6.63,4,suburban
521,0.4911,10.26,1,regional
522,0.1946,11.41,1,regional
523,0.3237,0.51,1,suburban
524,0.4228,2.06,3,urban
525,0.2227,3.4,2,suburban
526,0.6426,1.85,3,regional
527,0.2805,2.72,1,urban
528,0.386,4.6,2,regional
529,0.2884,4.51,1,suburban
530,0.1859,6.48,5,urban
531,0.587,3.46,3,suburban
532,0.3754,0.23,1,suburban
533,0.1668,2.54,3,urban
534,0.3773,4.28,5,urban
535,0.7688,6.8,5,suburban
536,0.1933,6.14,5,urban
537,0.411,3.11,3,urban
538,0.3125,1.95,2,suburban
539,0.4952,3.23,2,suburban
540,0.4452,0.6,2,suburban
541,0.2805,2.11,5,regional
542,0.2315,7.67,1,regional
543,0.3237,3.22,5,suburban
544,0.8452,4.41,5,urban
545,0.0749,0.94,5,suburban
546,0.5272,6.77,4,urban
547,0.1452,2.99,5,suburban
548,0.3064,4.31,1,suburban
549,0.2166,5.0,5,urban
550,0.5494,6.6,3,suburban
551,0.3239,3.84,5,suburban
552,0.6377,3.05,1,regional
553,0.3965,1.17,5,urban
554,0.3182,0.86,3,regional
555,0.1338,3.78,1,urban
556,0.5771,4.33,3,suburban
557,0.1863,4.85,1,regional
558,0.4241,1.66,1,urban
559,0.7052,2.13,3,urban
560,0.6311,3.73,5,suburban
561,0.4417,2.36,1,suburban
562,0.3094,14.91,2,urban
563,0.2572,2.09,2,suburban
564,0.0238,4.54,3,suburban
565,0.3226,6.02,1,urban
566,0.3111,6.27,4,suburban
567,0.5158,2.32,3,urban
568,0.1383,5.02,5,urban
569,0.4339,4.59,2,suburban
570,0.3186,5.17,3,urban
571,0.2628,3.69,1,regional
572,0.2479,6.05,5,suburban
573,0.2805,4.03,5,suburban
574,0.2,1.03,2,urban
575,0.4186,3.94,3,urban
576,0.4678,4.28,5,suburban
577,0.1186,5.76,2,suburban
578,0.2644,3.78,2,suburban
579,0.1007,10.42,2,urban
580,0.4632,3.13,4,urban
581,0.4195,2.22,2,urban
582,0.5807,8.35,1,suburban
583,0.8191,3.06,1,urban
584,0.469,3.53,5,suburban
585,0.4682,4.28,5,suburban
586,0.469,4.03,5,urban
587,0.2231,5.15,2,suburban
588,0.604,5.52,3,suburban
589,0.5465,2.06,3,regional
590,0.2836,1.26,3,urban
591,0.3346,1.41,1,suburban
592,0.3909,7.74,3,urban
593,0.4807,2.87,1,suburban
594,0.6649,5.98,2,suburban
595,0.7735,5.63,2,urban
596,0.123,3.53,4,suburban
597,0.3111,1.64,5,suburban
598,0.2143,5.72,4,urban
599,0.155,3.44,3,suburban
600,0.0423,1.19,3,urban
601,0.045,2.37,3,regional
602,0.1499,0.79,1,suburban
603,0.0302,2.46,5,suburban
604,0.1613,3.66,5,regional
605,0.5305,3.17,2,suburban
606,0.1716,2.88,1,urban
607,0.1047,3.64,1,urban
608,0.4554,4.93,4,urban
609,0.4976,6.31,1,regional
610,0.512,6.9,1,regional
611,0.4567,1.87,4,suburban
612,0.7424,7.36,1,urban
613,0.1316,3.44,1,urban
614,0.2405,2.64,1,regional
615,0.484,1.44,4,urban
616,0.4928,4.69,2,suburban
617,0.0325,4.56,2,urban
618,0.5631,2.2,4,urban
619,0.2844,2.25,1,suburban
620,0.5017,3.08,3,regional
621,0.3564,2.6,3,suburban
622,0.5051,1.8,4,suburban
623,0.1792,1.3,4,urban
624,0.3383,7.42,4,regional
625,0.4419,2.36,2,suburban
626,0.1969,4.54,1,suburban
627,0.3318,5.19,3,suburban
628,0.4324,4.71,1,urban
629,0.1402,5.39,3,urban
630,0.2041,4.67,4,regional
631,0.4664,2.03,5,suburban
632,0.3931,2.72,4,urban
633,0.0613,7.28,5,urban
634,0.2945,2.31,3,regional
635,0.1095,3.44,3,suburban
636,0.4092,4.94,2,suburban
637,0.0521,9.1,4,urban
638,0.2908,6.85,5,regional
639,0.1789,1.58,2,regional
640,0.1364,4.44,1,suburban
641,0.3182,4.08,1,urban
642,0.3009,2.74,4,suburban
643,0.092,3.52,4,suburban
644,0.4276,2.01,1,suburban
645,0.3183,3.04,1,regional
646,0.2146,2.32,4,suburban
647,0.5454,3.72,2,urban
648,0.2549,2.66,3,suburban
649,0.5097,9.56,2,suburban
650,0.1862,3.81,4,urban
651,0.0792,3.29,4,urban
652,0.3249,2.91,1,suburban
653,0.2884,2.67,1,urban
654,0.1856,1.19,3,suburban
655,0.169,5.97,4,urban
656,0.4362,8.35,1,urban
657,0.2048,2.3,1,urban
658,0.346,7.26,4,suburban
659,0.4229,14.81,3,suburban
660,0.3473,11.46,1,suburban
661,0.865,8.11,4,suburban
662,0.234,1.33,1,urban
663,0.1348,1.31,2,suburban
664,0.3708,5.37,4,regional
665,0.3653,3.47,2,suburban
666,0.1177,0.47,1,urban
667,0.3499,2.51,5,suburban
668,0.3438,5.21,2,urban
669,0.3586,3.07,3,urban
670,0.3651,3.48,5,urban
671,0.0969,1.31,5,urban
672,0.1755,2.49,5,urban
673,0.4526,5.39,2,suburban
674,0.0857,2.39,5,urban
675,0.7577,7.65,1,suburban
676,0.227,3.54,2,regional
677,0.1336,4.68,1,suburban
678,0.4908,5.3,3,suburban
679,0.4954,5.16,5,suburban
680,0.2689,1.54,4,urban
681,0.2309,1.79,5,urban
682,0.2785,0.46,1,suburban
683,0.1642,2.71,4,suburban
684,0.6868,1.68,4,suburban
685,0.5631,2.33,3,suburban
686,0.4888,2.93,1,suburban
687,0.5,3.89,1,suburban
688,0.2757,3.1,5,suburban
689,0.0551,3.06,2,regional
690,0.1016,4.42,4,suburban
691,0.3702,3.37,5,regional
692,0.114,6.27,3,regional
693,0.3565,3.38,2,suburban
694,0.1346,9.14,3,urban
695,0.3348,1.49,2,urban
696,0.2495,2.68,1,suburban
697,0.1749,2.04,5,urban
698,0.3456,3.99,2,suburban
699,0.6093,1.49,4,suburban
700,0.6252,0.95,4,regional
701,0.1291,1.74,3,suburban
702,0.2809,1.02,3,suburban
703,0.3432,2.96,1,urban
704,0.507,3.88,3,urban
705,0.1485,0.82,4,suburban
706,0.5572,2.55,1,urban
707,0.1648,6.84,2,suburban
708,0.3421,8.18,4,regional
709,0.4012,5.68,5,suburban
710,0.1996,0.28,2,suburban
711,0.314,3.63,5,suburban
712,0.2087,7.37,1,suburban
713,0.4533,2.35,3,urban
714,0.1659,1.21,5,suburban
715,0.0645,7.01,3,urban
716,0.5004,7.7,3,suburban
717,0.2109,3.35,1,urban
718,0.1921,1.22,3,suburban
719,0.3298,0.72,3,suburban
720,0.3463,4.29,5,urban
721,0.2192,2.06,2,suburban
722,0.3448,3.2,2,urban
723,0.2454,2.95,4,urban
724,0.1361,1.67,5,urban
725,0.3171,0.68,2,urban
726,0.2233,2.4,4,regional
727,0.0141,3.73,5,regional
728,0.4827,3.86,4,suburban
729,0.4347,1.95,3,suburban
730,0.4246,7.6,2,suburban
731,0.188,1.33,2,regional
732,0.8675,6.48,1,suburban
733,0.6387,3.65,1,urban
734,0.554,2.42,3,suburban
735,0.3036,4.68,1,regional
736,0.4092,2.82,1,urban
737,0.5828,0.94,4,suburban
738,0.3781,1.24,1,urban
739,0.1058,2.68,1,urban
740,0.1939,2.18,3,suburban
741,0.4957,6.38,5,urban
742,0.2944,2.1,4,regional
743,0.2441,1.99,1,suburban
744,0.3198,1.79,1,urban
745,0.0627,1.66,4,suburban
746,0.3998,1.71,4,suburban
747,0.3144,1.08,2,suburban
748,0.0779,3.76,5,suburban
749,0.1981,3.0,5,suburban
750,0.1123,2.91,4,urban
751,0.3951,0.76,4,urban
752,0.2429,4.41,4,urban
753,0.1456,4.72,1,urban
754,0.6505,8.85,4,suburban
755,0.5078,4.54,5,urban
756,0.2955,10.03,2,suburban
757,0.3169,1.92,1,suburban
758,0.3045,9.16,2,suburban
759,0.3513,4.65,2,suburban
760,0.2052,4.25,5,regional
761,0.6644,2.85,3,regional
762,0.4538,2.41,4,urban
763,0.2668,2.04,5,suburban
764,0.3261,9.37,4,urban
765,0.2681,2.78,4,suburban
766,0.1633,4.7,5,suburban
767,0.5599,5.43,4,urban
768,0.0448,5.38,2,urban
769,0.1803,3.77,4,urban
770,0.5622,9.05,2,suburban
771,0.5624,4.45,2,suburban
772,0.3084,1.99,4,urban
773,0.1625,2.5,2,urban
774,0.1509,0.81,1,urban
775,0.3053,4.07,5,suburban
776,0.1119,4.98,3,urban
777,0.353,5.28,4,urban
778,0.4565,4.65,5,regional
779,0.2848,2.86,4,suburban
780,0.3558,3.28,4,suburban
781,0.4643,3.28,4,suburban
782,0.3404,6.4,2,suburban
783,0.28,0.52,5,suburban
784,0.6933,2.29,4,urban
785,0.3886,1.4,1,urban
786,0.477,11.48,1,regional
787,0.3874,7.25,5,regional
788,0.3518,2.36,5,suburban
789,0.326,0.98,5,urban
790,0.4518,1.25,1,urban
791,0.0973,6.34,5,urban
792,0.5843,0.78,5,regional
793,0.3002,3.32,4,suburban
794,0.0733,5.66,3,suburban
795,0.1555,1.14,3,regional
796,0.1645,3.29,3,urban
797,0.0842,2.39,1,suburban
798,0.3261,2.15,3,urban
799,0.371,1.87,2,urban
800,0.2263,5.98,2,regional
801,0.229,8.28,1,regional
802,0.1251,2.69,3,urban
803,0.3879,4.26,1,urban
804,0.6079,3.34,5,suburban
805,0.2222,0.6,5,urban
806,0.2426,2.61,5,suburban
807,0.4443,0.48,2,suburban
808,0.3193,2.24,1,urban
809,0.2034,3.22,3,urban
810,0.3174,5.35,4,urban
811,0.1025,3.99,1,regional
812,0.2159,6.08,5,urban
813,0.2159,1.63,3,suburban
814,0.3943,7.61,5,urban
815,0.514,8.29,1,suburban
816,0.4115,0.45,3,urban
817,0.2997,0.74,3,urban
818,0.3888,3.17,1,suburban
819,0.1836,2.11,4,suburban
820,0.4006,2.38,5,urban
821,0.6312,3.97,3,urban
822,0.2979,6.24,2,regional
823,0.4229,1.55,4,urban
824,0.1689,6.95,2,urban
825,0.408,1.84,2,urban
826,0.4885,12.49,4,urban
827,0.4023,7.64,3,suburban
828,0.5467,2.0,2,suburban
829,0.4816,1.0,3,suburban
830,0.4053,1.96,5,suburban
831,0.3544,1.75,3,urban
832,0.3543,4.91,1,suburban
833,0.2211,0.46,5,urban
834,0.0574,0.75,4,urban
835,0.4718,4.81,2,suburban
836,0.467,1.69,5,urban
837,0.4935,2.26,5,urban
838,0.0069,5.64,5,urban
839,0.1577,6.43,2,suburban
840,0.2954,7.4,5,urban
841,0.285,5.32,5,suburban
842,0.4747,2.79,5,suburban
843,0.2488,2.61,3,suburban
844,0.1463,2.38,2,urban
845,0.6074,1.14,2,suburban
846,0.534,1.5,5,urban
847,0.2116,6.77,3,regional
848,0.5365,1.83,5,suburban
849,0.4758,1.15,3,urban
850,0.0674,7.15,3,suburban
851,0.2085,3.79,1,suburban
852,0.2948,9.5,3,suburban
853,0.4879,8.85,3,urban
854,0.3162,1.24,1,suburban
855,0.2155,3.01,1,suburban
856,0.205,1.4,3,regional
857,0.4233,1.39,2,urban
858,0.2335,2.33,4,suburban
859,0.6031,5.0,3,suburban
860,0.5483,5.03,3,suburban
861,0.4325,4.6,1,suburban
862,0.4378,2.78,3,urban
863,0.38,5.21,3,suburban
864,0.5173,1.13,3,urban
865,0.2557,3.84,2,urban
866,0.7482,3.3,1,suburban
867,0.6758,2.65,5,urban
868,0.0232,3.94,5,urban
869,0.1581,1.43,5,urban
870,0.3686,4.73,2,suburban
871,0.4978,3.24,4,regional
872,0.1562,0.82,1,suburban
873,0.5065,3.18,5,urban
874,0.2145,2.12,1,suburban
875,0.3613,6.88,3,urban
876,0.3434,1.21,5,regional
877,0.1828,1.25,4,suburban
878,0.3852,4.31,5,urban
879,0.2236,2.87,3,suburban
880,0.1422,2.76,1,urban
881,0.0461,12.54,1,suburban
882,0.4619,5.12,1,urban
883,0.364,2.5,1,regional
884,0.3606,0.72,3,suburban
885,0.1491,2.39,1,regional
886,0.2632,1.1,1,regional
887,0.3711,1.51,3,urban
888,0.2234,1.55,4,suburban
889,0.6134,6.52,4,suburban
890,0.4436,0.89,1,urban
891,0.3127,6.08,5,urban
892,0.3785,4.45,3,urban
893,0.5368,4.4,2,urban
894,0.6273,1.46,2,regional
895,0.5921,5.54,5,suburban
896,0.1327,1.31,3,suburban
897,0.1764,8.38,2,regional
898,0.1279,6.62,3,urban
899,0.4443,9.34,1,suburban
900,0.5489,3.31,1,urban
901,0.2321,2.87,2,urban
902,0.2485,2.34,2,urban
903,0.2234,12.36,2,urban
904,0.139,4.97,1,urban
905,0.7309,1.11,4,suburban
906,0.2889,7.74,1,urban
907,0.4687,2.78,2,urban
908,0.7113,0.19,5,suburban
909,0.6554,1.74,1,urban
910,0.1174,6.62,2,suburban
911,0.2932,4.46,3,regional
912,0.3884,5.1,2,suburban
913,0.6022,7.69,2,suburban
914,0.3426,0.59,1,suburban
915,0.1512,1.76,3,suburban
916,0.2794,3.37,4,regional
917,0.023,6.75,3,regional
918,0.4036,1.3,5,urban
919,0.4654,2.49,4,suburban
920,0.3093,3.21,4,suburban
921,0.5384,1.69,3,urban
922,0.1683,3.18,4,suburban
923,0.4504,2.85,3,suburban
924,0.2433,2.08,5,suburban
925,0.2192,5.53,3,urban
926,0.2071,4.86,3,urban
927,0.4404,5.7,1,urban
928,0.3531,6.05,5,suburban
929,0.3243,0.79,3,regional
930,0.4543,0.88,4,regional
931,0.2792,5.21,4,urban
932,0.2992,2.24,1,urban
933,0.617,2.02,4,suburban
934,0.1475,1.77,3,suburban
935,0.1789,5.84,2,suburban
936,0.6056,11.85,2,urban
937,0.5047,6.03,4,urban
938,0.2491,2.16,1,suburban
939,0.2128,5.64,4,suburban
940,0.2164,0.86,5,urban
941,0.5236,2.7,1,regional
942,0.2688,0.6,1,suburban
943,0.175,2.25,1,regional
944,0.5071,3.65,4,suburban
945,0.1341,13.3,5,suburban
946,0.2728,7.12,5,regional
947,0.5661,0.61,1,regional
948,0.3993,0.68,3,regional
949,0.7804,1.7,1,suburban
950,0.295,10.13,2,suburban
951,0.2884,0.64,2,urban
952,0.2491,1.78,4,urban
953,0.4413,1.78,5,regional
954,0.3404,4.31,5,urban
955,0.4229,5.74,1,suburban
956,0.1742,4.89,2,regional
957,0.4669,3.88,2,regional
958,0.4452,0.82,2,regional
959,0.3516,3.44,2,suburban
960,0.2169,7.84,4,suburban
961,0.6092,9.64,4,regional
962,0.4878,4.22,5,urban
963,0.3989,0.62,4,urban
964,0.1098,4.27,2,regional
965,0.3629,2.85,1,suburban
966,0.392,0.73,2,suburban
967,0.2173,1.23,4,urban
968,0.2272,1.46,5,suburban
969,0.5033,5.22,2,regional
970,0.3269,9.37,1,suburban
971,0.1764,4.67,1,urban
972,0.2938,5.34,1,suburban
973,0.1153,3.01,4,regional
974,0.3038,1.99,3,regional
975,0.8104,4.76,4,urban
976,0.3492,3.92,1,suburban
977,0.4189,1.58,3,urban
978,0.3222,3.73,1,suburban
979,0.1496,3.16,2,urban
980,0.3145,2.47,4,suburban
981,0.2959,1.93,2,suburban
982,0.5856,4.22,4,urban
983,0.2272,2.04,2,urban
984,0.5283,11.87,3,urban
985,0.2014,4.56,3,urban
986,0.4151,4.27,2,suburban
987,0.1261,2.76,1,urban
988,0.4293,2.3,3,urban
989,0.2079,0.47,5,regional
990,0.0787,1.67,4,urban
991,0.1801,0.6,4,regional
992,0.3948,0.59,5,suburban
993,0.3485,1.06,1,suburban
994,0.0844,7.29,4,suburban
995,0.3982,7.27,2,urban
996,0.3012,1.71,4,suburban
997,0.1871,0.8,5,suburban
998,0.2226,2.21,5,urban
999,0.3607,5.18,3,suburban
1000,0.2974,6.3,5,suburban
1001,0.2045,3.69,4,regional
1002,0.2408,4.18,1,suburban
1003,0.171,3.89,2,urban
1004,0.2237,0.65,5,regional
1005,0.0979,0.88,5,regional
1006,0.0845,9.62,5,suburban
1007,0.1934,3.67,2,urban
1008,0.4347,0.34,2,suburban
1009,0.3046,4.37,5,suburban
1010,0.4086,1.39,1,urban
1011,0.3108,6.65,5,regional
1012,0.3801,6.17,4,suburban
1013,0.1923,4.98,4,regional
1014,0.189,3.64,3,suburban
1015,0.2935,7.78,5,urban
1016,0.4752,8.32,4,regional
1017,0.1624,1.43,1,suburban
1018,0.2276,4.94,3,suburban
1019,0.2209,1.95,5,urban
1020,0.7364,1.24,1,urban
1021,0.34,8.31,4,suburban
1022,0.3209,5.52,2,urban
1023,0.219,3.87,3,regional
1024,0.012,1.56,5,regional
1025,0.493,8.48,3,suburban
1026,0.1163,1.38,1,urban
1027,0.2621,1.1,1,suburban
1028,0.1139,3.17,4,urban
1029,0.5051,5.18,5,suburban
1030,0.4338,2.4,2,suburban
1031,0.0842,3.6,5,regional
1032,0.1657,1.94,3,urban
1033,0.3206,2.13,1,urban
1034,0.0261,10.35,3,regional
1035,0.0375,2.94,5,suburban
1036,0.2291,8.12,2,regional
1037,0.4682,0.57,5,regional
1038,0.2231,6.74,4,suburban
1039,0.5069,1.63,2,suburban
1040,0.3267,5.61,4,suburban
1041,0.2403,1.61,3,suburban
1042,0.4757,2.26,1,regional
1043,0.147,1.21,5,urban
1044,0.424,5.69,2,suburban
1045,0.5302,6.33,3,urban
1046,0.2294,1.67,4,suburban
1047,0.069,0.74,1,suburban
1048,0.02,8.04,4,regional
1049,0.1938,1.85,2,urban
1050,0.2279,2.82,3,urban
1051,0.285,1.42,3,urban
1052,0.319,5.31,4,urban
1053,0.2515,5.4,1,urban
1054,0.1712,8.95,1,regional
1055,0.129,6.88,3,urban
1056,0.0975,6.56,1,urban
1057,0.356,3.03,2,suburban
1058,0.4718,2.74,4,urban
1059,0.1359,5.25,5,urban
1060,0.4306,2.9,4,regional
1061,0.2235,7.04,2,urban
1062,0.403,1.33,5,urban
1063,0.5128,0.55,3,suburban
1064,0.3098,4.82,1,urban
1065,0.1158,2.06,4,urban
1066,0.1014,1.15,3,urban
1067,0.2945,12.77,2,urban
1068,0.1475,3.25,4,regional
1069,0.499,0.91,4,urban
1070,0.209,1.86,2,urban
1071,0.3403,2.56,1,urban
1072,0.3563,4.75,3,regional
1073,0.63,1.86,1,urban
1074,0.1957,2.85,4,regional
1075,0.3177,3.97,3,urban
1076,0.3616,4.53,2,regional
1077,0.2469,3.02,3,urban
1078,0.226,10.24,2,urban
1079,0.1518,5.35,2,suburban
1080,0.4122,5.14,2,urban
1081,0.4178,5.0,4,suburban
1082,0.3894,7.08,5,suburban
1083,0.6339,3.77,4,suburban
1084,0.3672,1.31,2,urban
1085,0.1442,4.38,5,suburban
1086,0.2703,4.79,1,urban
1087,0.1068,7.85,2,regional
1088,0.2082,1.19,1,suburban
1089,0.586,1.48,5,suburban
1090,0.4044,3.33,1,regional
1091,0.1588,5.11,3,suburban
1092,0.6771,0.99,1,suburban
1093,0.1137,1.22,2,urban
1094,0.3107,5.99,4,suburban
1095,0.496,1.03,5,urban
1096,0.4929,1.5,1,urban
1097,0.1309,6.26,1,suburban
1098,0.1579,5.05,2,urban
1099,0.2092,1.88,5,suburban
1100,0.2308,4.64,1,urban
1101,0.4469,4.02,1,urban
1102,0.1819,2.93,3,regional
1103,0.256,2.35,2,urban
1104,0.1702,4.51,1,suburban
1105,0.3638,1.12,3,suburban
1106,0.2508,4.47,4,regional
1107,0.2564,3.74,1,urban
1108,0.5834,3.95,4,suburban
1109,0.0662,1.44,1,suburban
1110,0.1447,7.98,4,urban
1111,0.3427,1.89,2,urban
1112,0.1734,2.15,2,urban
1113,0.2475,2.84,1,suburban
1114,0.3801,5.04,5,urban
1115,0.4431,3.86,3,urban
1116,0.2536,0.72,4,suburban
1117,0.395,3.22,2,suburban
1118,0.1955,3.43,1,urban
1119,0.2812,8.12,1,urban
1120,0.3262,2.53,3,urban
1121,0.3696,4.74,2,suburban
1122,0.3029,16.7,4,regional
1123,0.0498,7.19,4,suburban
1124,0.3925,1.37,2,suburban
1125,0.6961,5.53,3,urban
1126,0.4347,4.49,2,regional
1127,0.1308,2.46,4,urban
1128,0.5416,5.58,4,urban
1129,0.4022,1.35,4,urban
1130,0.4909,1.92,1,urban
1131,0.2119,2.86,2,suburban
1132,0.5831,2.37,5,urban
1133,0.3384,5.16,2,urban
1134,0.3929,3.15,1,urban
1135,0.1596,2.17,1,regional
1136,0.249,7.11,1,suburban
1137,0.5697,5.02,4,regional
1138,0.541,0.87,1,regional
1139,0.366,0.85,3,regional
1140,0.3095,2.19,2,suburban
1141,0.0029,0.98,1,urban
1142,0.1786,6.35,5,urban
1143,0.2578,2.0,4,urban
1144,0.2109,4.73,5,suburban
1145,0.2401,5.48,5,urban
1146,0.2176,0.47,5,urban
1147,0.0805,2.08,4,suburban
1148,0.5929,2.76,3,urban
1149,0.2805,3.99,4,urban
1150,0.1984,6.1,3,urban
1151,0.2626,13.14,1,suburban
1152,0.2217,9.58,2,urban
1153,0.1155,3.12,3,urban
1154,0.1076,3.09,1,urban
1155,0.1212,8.92,5,suburban
1156,0.2256,3.25,5,urban
1157,0.2918,2.04,3,urban
1158,0.3175,6.42,3,regional
1159,0.2362,4.13,5,regional
1160,0.1984,0.84,3,urban
1161,0.2148,2.54,4,urban
1162,0.2519,1.01,3,urban
1163,0.1892,0.19,2,suburban
1164,0.2473,10.47,4,urban
1165,0.4514,3.58,1,regional
1166,0.3333,2.62,2,suburban
1167,0.3636,2.17,4,suburban
1168,0.1953,3.3,4,urban
1169,0.3717,2.15,5,regional
1170,0.5074,1.39,4,suburban
1171,0.6459,2.26,1,suburban
1172,0.3588,8.34,5,urban
1173,0.1866,6.32,3,suburban
1174,0.3715,2.26,1,suburban
1175,0.3109,11.17,3,regional
1176,0.7125,3.09,1,suburban
1177,0.3808,1.69,3,suburban
1178,0.1539,4.27,3,urban
1179,0.5716,9.23,1,suburban
1180,0.4188,8.07,5,regional
1181,0.0114,1.76,3,suburban
1182,0.3941,1.15,5,urban
1183,0.386,2.43,3,urban
1184,0.6882,4.79,3,suburban
1185,0.1345,5.74,5,regional
1186,0.2788,7.31,2,urban
1187,0.2129,3.73,5,urban
1188,0.1035,3.82,1,regional
1189,0.2258,3.63,5,suburban
1190,0.4762,6.68,4,urban
1191,0.3087,5.82,3,urban
1192,0.6437,1.71,2,urban
1193,0.0864,5.33,3,urban
1194,0.5134,6.38,3,suburban
1195,0.6209,6.74,5,suburban
1196,0.2067,4.13,5,suburban
1197,0.597,3.97,3,suburban
1198,0.2559,3.2,2,urban
1199,0.4098,3.45,2,urban
1200,0.5089,10.06,2,urban
1201,0.3823,3.54,1,urban
1202,0.1134,1.83,1,suburban
1203,0.2142,4.2,4,urban
1204,0.2907,5.67,2,suburban
1205,0.5275,6.55,3,urban
1206,0.1346,1.38,4,urban
1207,0.4985,8.72,4,urban
1208,0.7007,5.52,2,suburban
1209,0.3127,8.39,4,suburban
1210,0.0276,0.95,1,suburban
1211,0.5712,6.91,3,urban
1212,0.221,1.32,1,suburban
1213,0.2228,2.67,3,suburban
1214,0.6467,5.64,1,urban
1215,0.1273,1.2,5,urban
1216,0.0623,2.14,4,urban
1217,0.2609,0.93,2,urban
1218,0.7743,5.54,4,regional
1219,0.186,1.68,2,urban
1220,0.4013,3.37,3,suburban
1221,0.2906,4.49,1,suburban
1222,0.3588,4.16,3,urban
1223,0.2309,3.89,1,suburban
1224,0.2125,3.89,1,urban
1225,0.3768,0.99,3,suburban
1226,0.1537,2.78,3,urban
1227,0.5115,3.86,2,urban
1228,0.1625,3.56,1,urban
1229,0.7491,3.04,3,suburban
1230,0.4021,1.89,5,suburban
1231,0.5502,4.1,4,suburban
1232,0.3373,4.66,1,urban
1233,0.2514,2.38,5,regional
1234,0.2254,6.58,3,urban
1235,0.3828,8.84,3,suburban
1236,0.2859,3.42,1,suburban
1237,0.5354,1.74,2,suburban
1238,0.5051,1.19,4,urban
1239,0.4835,2.63,2,suburban
1240,0.5044,3.24,1,suburban
1241,0.4409,1.13,1,urban
1242,0.2799,2.57,5,suburban
1243,0.1968,6.34,5,urban
1244,0.2258,0.39,1,suburban
1245,0.4221,3.59,5,suburban
1246,0.158,2.13,5,suburban
1247,0.4426,3.31,2,suburban
1248,0.1166,9.16,4,urban
1249,0.4283,3.2,2,suburban
1250,0.3515,2.86,2,urban
1251,0.1819,5.3,4,suburban
1252,0.1195,4.14,2,suburban
1253,0.6476,3.6,2,suburban
1254,0.3632,4.25,2,urban
1255,0.1623,7.54,1,urban
1256,0.6362,6.07,5,suburban
1257,0.5673,2.7,4,urban
1258,0.4541,8.84,5,urban
1259,0.1431,2.23,3,urban
1260,0.2055,3.59,1,suburban
1261,0.035,3.9,2,urban
1262,0.1554,2.61,2,suburban
1263,0.2682,8.21,5,regional
1264,0.3501,2.5,2,suburban
1265,0.468,3.01,4,urban
1266,0.1822,6.68,1,urban
1267,0.0579,2.3,5,urban
1268,0.1144,1.09,4,suburban
1269,0.4588,3.66,3,suburban
1270,0.5912,1.41,2,urban
1271,0.2569,1.27,2,urban
1272,0.3108,0.4,2,urban
1273,0.5587,0.47,3,urban
1274,0.2824,0.51,5,regional
1275,0.2437,9.61,2,urban
1276,0.4769,0.51,4,urban
1277,0.4928,1.38,3,urban
1278,0.2802,3.05,4,urban
1279,0.4704,5.13,4,urban
1280,0.1851,5.51,1,urban
1281,0.3154,1.74,1,urban
1282,0.3606,3.54,5,urban
1283,0.1644,2.98,1,suburban
1284,0.1905,3.39,3,suburban
1285,0.2351,3.73,4,urban
1286,0.4625,4.48,3,regional
1287,0.5596,2.09,1,urban
1288,0.5596,2.52,1,regional
1289,0.5108,12.77,4,regional
1290,0.2162,2.2,5,urban
1291,0.684,3.59,2,urban
1292,0.0361,3.0,3,suburban
1293,0.4904,3.48,5,urban
1294,0.3894,6.8,5,urban
1295,0.0991,2.87,3,suburban
1296,0.263,1.22,4,suburban
1297,0.3508,2.06,5,regional
1298,0.1205,2.88,4,suburban
1299,0.3037,3.82,3,regional
1300,0.1477,1.75,4,suburban
1301,0.3802,1.92,2,suburban
1302,0.4008,3.92,5,suburban
1303,0.0816,4.02,1,regional
1304,0.3209,6.16,2,regional
1305,0.4306,2.04,2,suburban
1306,0.0419,4.8,2,suburban
1307,0.4121,3.01,3,suburban
1308,0.4824,2.29,4,urban
1309,0.6481,3.08,5,regional
1310,0.3916,3.41,3,urban
1311,0.1435,1.1,4,urban
1312,0.3639,1.18,3,urban
1313,0.3786,5.26,1,suburban
1314,0.481,2.47,4,suburban
1315,0.6144,3.84,1,urban
1316,0.3413,5.15,3,urban
1317,0.3196,3.1,5,urban
1318,0.3345,4.86,4,urban
1319,0.28,3.43,3,urban
1320,0.3881,3.55,2,suburban
1321,0.1518,7.17,5,urban
1322,0.4933,2.85,5,urban
1323,0.4048,5.3,2,urban
1324,0.3567,0.92,1,suburban
1325,0.1503,3.74,3,regional
1326,0.1272,8.4,4,urban
1327,0.5327,13.37,5,urban
1328,0.6619,0.97,5,suburban
1329,0.3975,2.46,2,urban
1330,0.7267,1.44,2,suburban
1331,0.5174,2.93,5,regional
1332,0.1575,5.9,2,suburban
1333,0.3539,7.34,3,regional
1334,0.2519,7.5,2,urban
1335,0.4042,0.88,2,urban
1336,0.3299,3.36,3,urban
1337,0.4607,2.01,2,urban
1338,0.4723,2.81,3,urban
1339,0.2027,2.25,2,suburban
1340,0.3181,0.93,1,suburban
1341,0.3753,7.39,4,urban
1342,0.4096,1.76,5,suburban
1343,0.5476,2.04,3,urban
1344,0.1479,8.43,2,urban
1345,0.1791,0.77,4,urban
1346,0.1755,4.44,3,suburban
1347,0.5325,6.46,3,suburban
1348,0.4627,7.99,3,suburban
1349,0.186,4.23,4,urban
1350,0.319,5.37,1,urban
1351,0.0799,6.46,1,regional
1352,0.1031,2.97,1,urban
1353,0.1494,1.56,1,urban
1354,0.5134,8.85,5,urban
1355,0.4529,4.98,4,urban
1356,0.1897,3.35,4,suburban
1357,0.2172,0.98,4,urban
1358,0.1351,0.3,1,suburban
1359,0.1627,4.38,2,regional
1360,0.2148,0.27,4,urban
1361,0.367,3.33,3,urban
1362,0.3048,1.84,3,suburban
1363,0.0474,2.24,4,suburban
1364,0.1483,7.56,1,regional
1365,0.4403,1.85,4,urban
1366,0.3502,3.45,4,suburban
1367,0.2327,1.86,3,regional
1368,0.3992,4.09,3,urban
1369,0.22,3.68,1,suburban
1370,0.4783,3.33,2,suburban
1371,0.3773,6.48,2,suburban
1372,0.2368,0.77,5,urban
1373,0.7268,0.57,1,urban
1374,0.2928,1.16,2,urban
1375,0.5239,3.7,1,regional
1376,0.4986,4.6,2,urban
1377,0.1395,0.1,1,urban
1378,0.2136,4.56,2,regional
1379,0.6095,2.51,4,urban
1380,0.2385,9.0,4,suburban
1381,0.3653,4.32,2,urban
1382,0.1973,8.32,4,suburban
1383,0.4173,7.31,4,urban
1384,0.2007,2.51,5,suburban
1385,0.496,5.92,5,suburban
1386,0.3897,2.51,2,urban
1387,0.4205,9.74,3,urban
1388,0.5349,2.7,4,urban
1389,0.3642,4.75,2,suburban
1390,0.259,10.95,3,urban
1391,0.1169,4.9,3,urban
1392,0.4933,2.3,2,urban
1393,0.5422,1.03,1,suburban
1394,0.6834,0.78,1,suburban
1395,0.4432,4.54,4,urban
1396,0.1514,3.08,5,regional
1397,0.622,1.18,4,suburban
1398,0.2384,5.49,2,suburban
1399,0.2332,5.43,1,suburban
1400,0.4131,3.04,4,urban
1401,0.2065,8.56,1,regional
1402,0.4285,0.63,3,suburban
1403,0.2538,2.38,5,suburban
1404,0.5576,4.88,1,urban
1405,0.4533,1.31,3,urban
1406,0.1346,5.86,5,suburban
1407,0.4875,7.07,2,urban
1408,0.2764,0.17,5,suburban
1409,0.7258,8.75,5,urban
1410,0.2651,4.68,3,suburban
1411,0.4265,2.15,2,urban
1412,0.3028,0.85,4,urban
1413,0.2137,6.41,4,urban
1414,0.2934,1.12,3,suburban
1415,0.4994,4.67,1,suburban
1416,0.274,1.16,4,regional
1417,0.185,3.27,2,suburban
1418,0.4517,6.21,1,suburban
1419,0.2197,2.18,1,suburban
1420,0.4897,8.72,3,suburban
1421,0.4199,4.96,1,regional
1422,0.3709,1.31,2,suburban
1423,0.4784,0.92,2,urban
1424,0.624,1.67,3,suburban
1425,0.3907,3.15,4,urban
1426,0.2396,9.27,3,urban
1427,0.5532,10.45,3,suburban
1428,0.4558,2.11,1,suburban
1429,0.4071,2.05,1,urban
1430,0.0941,5.56,5,urban
1431,0.4612,5.53,4,regional
1432,0.2987,7.8,1,urban
1433,0.0438,7.94,3,urban
1434,0.0204,1.57,1,suburban
1435,0.2162,0.74,1,suburban
1436,0.0469,5.02,2,suburban
1437,0.348,3.85,4,suburban
1438,0.0928,0.38,4,urban
1439,0.2621,0.72,4,urban
1440,0.2544,4.84,1,suburban
1441,0.1679,2.94,1,suburban
1442,0.2493,4.92,3,urban
1443,0.243,1.23,5,urban
1444,0.513,5.18,4,urban
1445,0.66,4.21,4,urban
1446,0.5584,5.45,1,urban
1447,0.1355,2.24,5,urban
1448,0.5017,1.85,5,suburban
1449,0.5543,0.85,3,urban
1450,0.0643,2.55,2,suburban
1451,0.231,6.86,4,suburban
1452,0.4694,8.18,4,suburban
1453,0.2082,1.13,5,regional
1454,0.53,3.15,1,urban
1455,0.4054,9.36,3,urban
1456,0.4354,10.21,4,suburban
1457,0.6272,2.47,2,urban
1458,0.5227,7.28,5,urban
1459,0.1296,6.45,1,urban
1460,0.2017,6.09,1,regional
1461,0.3788,0.61,4,urban
1462,0.1873,2.0,1,suburban
1463,0.3998,2.89,3,urban
1464,0.3978,2.82,2,suburban
1465,0.1295,3.12,4,urban
1466,0.3578,10.96,1,regional
1467,0.1871,2.54,2,suburban
1468,0.2412,4.35,5,urban
1469,0.3676,4.24,2,urban
1470,0.5254,3.15,3,suburban
1471,0.1408,1.2,5,suburban
1472,0.5019,3.49,4,urban
1473,0.3959,0.37,4,urban
1474,0.3618,4.67,5,urban
1475,0.2582,0.29,4,urban
1476,0.3783,4.37,5,urban
1477,0.1542,1.91,3,urban
1478,0.2496,1.37,5,urban
1479,0.4941,5.62,4,regional
1480,0.3929,2.3,2,suburban
1481,0.4187,3.35,3,suburban
1482,0.8243,0.64,2,suburban
1483,0.238,8.59,2,suburban
1484,0.4319,3.61,2,urban
1485,0.1525,3.6,3,suburban
1486,0.635,4.75,2,urban
1487,0.2903,0.14,4,suburban
1488,0.3317,9.18,2,regional
1489,0.0714,2.46,3,regional
1490,0.3269,8.81,1,urban
1491,0.1349,2.39,2,suburban
1492,0.703,1.96,2,urban
1493,0.2857,4.51,5,urban
1494,0.1734,12.42,3,urban
1495,0.3085,7.28,1,urban
1496,0.21,4.88,2,suburban
1497,0.0226,4.46,4,urban
1498,0.3152,3.46,1,urban
1499,0.1463,8.55,1,regional
1500,0.3207,5.72,2,suburban
